PC,Proportion.Variance.Explained
1,0.02248143800738156
2,0.010123583581375604
3,0.004506174690690111
4,0.0035581319314510174
5,0.003312308683751597
6,0.002207280621840469
7,0.0019271587074017884
8,0.001664003177908067
9,0.0014243207402766796
10,0.0013389186363485413
